{
  "project_info": {
    "project_number": "117029221410",
    "project_id": "categorycrudapp",
    "storage_bucket": "categorycrudapp.firebasestorage.app"
  },
  "client": [
    {
      "client_info": {
        "mobilesdk_app_id": "1:117029221410:android:f870e2a9154b78d3f7067b",
        "android_client_info": {
          "package_name": "com.example.categorycrud"
        }
      },
      "oauth_client": [],
      "api_key": [
        {
          "current_key": "AIzaSyDdb4rqSbNrO3c5sCXPIA2BvsYIFD1HATs"
        }
      ],
      "services": {
        "appinvite_service": {
          "other_platform_oauth_client": []
        }
      }
    }
  ],
  "configuration_version": "1"
}